age,job,marital,education,default,balance,housing,loan,contact,day,month,duration,campaign,pdays,previous,poutcome,prediction_label,prediction_score
68,retired,divorced,secondary,no,4189,no,no,telephone,14,jul,897,2,-1,0,unknown,yes,0.7318
38,management,single,tertiary,no,11971,yes,no,unknown,17,nov,609,2,101,3,failure,yes,0.7402
61,admin.,married,unknown,no,4629,yes,no,cellular,27,jan,181,1,92,1,success,yes,0.7835
37,management,married,tertiary,no,0,no,no,cellular,16,jul,268,2,182,3,success,yes,0.8642
36,blue-collar,divorced,secondary,no,2843,no,no,cellular,12,feb,473,1,182,1,success,yes,0.8782
77,retired,divorced,tertiary,no,4659,no,no,cellular,14,apr,161,1,-1,0,unknown,yes,0.7405
55,admin.,married,secondary,no,602,no,no,cellular,1,jun,324,3,90,2,success,yes,0.8964
34,technician,single,tertiary,no,992,yes,no,cellular,4,may,301,1,88,2,success,yes,0.8479
45,blue-collar,single,secondary,no,0,yes,no,cellular,26,jul,768,2,91,5,success,yes,0.8147
29,blue-collar,single,secondary,no,482,no,yes,cellular,10,jul,1097,3,-1,0,unknown,yes,0.7423
49,entrepreneur,divorced,unknown,yes,-701,yes,no,cellular,30,jul,988,2,-1,0,unknown,yes,0.74
55,management,married,primary,no,2587,no,no,cellular,4,sep,328,2,94,2,success,yes,0.8078
49,management,divorced,tertiary,no,755,no,no,cellular,31,jul,1212,4,-1,0,unknown,yes,0.733
34,self-employed,single,tertiary,no,5462,no,no,cellular,30,apr,430,1,-1,0,unknown,yes,0.8624
32,blue-collar,married,secondary,no,889,yes,no,cellular,10,sep,185,1,99,5,success,yes,0.8145
61,admin.,married,secondary,no,4608,no,no,cellular,12,mar,212,1,-1,0,unknown,yes,0.8389
77,retired,married,tertiary,no,7802,no,no,telephone,4,may,421,1,92,2,success,yes,0.821
53,admin.,married,secondary,no,1796,no,no,telephone,16,mar,295,1,91,2,success,yes,0.783
30,blue-collar,single,secondary,no,315,no,no,cellular,23,jun,1407,1,-1,0,unknown,yes,0.7374
47,admin.,single,secondary,no,3696,no,no,cellular,12,jul,250,2,181,4,success,yes,0.7715
37,admin.,married,secondary,no,1314,yes,no,cellular,8,may,682,2,85,7,success,yes,0.7689
35,technician,married,tertiary,no,7050,no,no,cellular,11,aug,222,3,182,4,success,yes,0.7203
28,admin.,single,unknown,no,174,no,no,cellular,28,sep,184,1,-1,0,unknown,yes,0.7129
28,services,single,secondary,no,168,no,no,cellular,1,jun,347,3,140,2,success,yes,0.8098
32,management,divorced,tertiary,no,874,no,no,cellular,12,aug,1282,6,-1,0,unknown,yes,0.7618
28,management,single,secondary,no,1633,no,no,cellular,5,jun,275,1,-1,0,unknown,yes,0.7397
48,management,married,tertiary,no,1167,yes,yes,cellular,1,jun,264,1,-1,0,unknown,yes,0.8023
46,management,divorced,tertiary,no,624,no,no,cellular,17,sep,336,2,183,2,success,yes,0.8226
31,housemaid,single,primary,no,26965,no,no,cellular,21,apr,654,2,-1,0,unknown,yes,0.7372
26,admin.,single,secondary,no,255,no,no,cellular,30,apr,457,1,80,1,success,yes,0.9035
27,student,single,tertiary,no,5291,no,no,cellular,12,nov,192,2,92,2,failure,yes,0.8163
34,management,married,tertiary,no,0,yes,no,cellular,7,aug,262,1,99,2,success,yes,0.7853
40,blue-collar,married,secondary,no,1451,no,no,cellular,1,jun,314,1,-1,0,unknown,yes,0.7334
34,blue-collar,single,secondary,no,215,no,no,cellular,3,mar,350,3,-1,0,unknown,yes,0.712
59,self-employed,married,tertiary,no,2013,no,no,cellular,19,feb,222,4,94,2,success,yes,0.7829
45,admin.,married,secondary,no,5346,yes,yes,unknown,21,oct,187,1,-1,0,unknown,yes,0.743
48,management,married,tertiary,no,1147,no,no,cellular,5,aug,389,1,64,2,success,yes,0.8455
32,technician,single,tertiary,no,5514,no,no,cellular,22,apr,319,1,182,1,success,yes,0.8585
37,management,married,tertiary,no,5106,no,no,cellular,30,apr,244,1,-1,0,unknown,yes,0.7282
71,technician,married,tertiary,no,383,no,no,cellular,27,oct,327,2,183,3,success,yes,0.8159
59,retired,divorced,secondary,no,5845,no,no,cellular,14,may,1060,2,-1,0,unknown,yes,0.7329
42,management,married,unknown,no,1519,no,no,cellular,19,oct,230,1,92,1,success,yes,0.7787
40,management,single,tertiary,no,1509,no,no,cellular,15,mar,144,2,124,1,failure,yes,0.7043
27,admin.,married,secondary,no,710,yes,yes,cellular,6,may,653,1,334,2,success,yes,0.7713
28,technician,single,secondary,no,126,no,no,cellular,3,mar,229,1,-1,0,unknown,yes,0.7306
59,technician,married,secondary,no,259,no,no,cellular,15,jun,415,1,89,1,success,yes,0.8604
29,technician,single,secondary,no,113,no,no,cellular,12,feb,328,2,183,4,success,yes,0.8648
54,management,divorced,tertiary,no,2171,yes,yes,telephone,18,nov,1034,1,-1,0,unknown,yes,0.7067
32,technician,married,unknown,no,14533,no,no,cellular,31,dec,646,3,198,2,success,yes,0.7627
53,blue-collar,married,primary,no,306,no,no,cellular,28,jul,388,3,181,1,success,yes,0.7874
37,technician,single,secondary,no,2442,no,no,cellular,16,feb,91,3,-1,0,unknown,yes,0.7774
43,admin.,married,secondary,no,132,no,no,cellular,19,aug,574,1,84,3,success,yes,0.9199
35,management,single,tertiary,no,5958,yes,no,cellular,22,mar,215,1,-1,0,unknown,yes,0.791
32,blue-collar,single,secondary,no,118,yes,no,cellular,17,jul,1275,1,-1,0,unknown,yes,0.7251
48,management,married,secondary,no,4415,yes,no,cellular,8,apr,1032,3,141,7,failure,yes,0.8164
20,student,single,secondary,no,1191,no,no,cellular,12,feb,274,1,-1,0,unknown,yes,0.726
40,admin.,single,secondary,no,100,yes,no,cellular,11,aug,221,1,461,1,success,yes,0.8538
47,housemaid,single,tertiary,no,3232,no,no,telephone,6,oct,541,1,204,3,failure,yes,0.7456
29,management,single,tertiary,no,1445,no,no,cellular,26,apr,328,2,143,2,success,yes,0.8291
35,technician,married,secondary,no,0,yes,no,cellular,9,nov,524,1,96,5,success,yes,0.8737
51,management,single,tertiary,no,297,yes,no,cellular,15,may,415,4,375,1,failure,yes,0.8228
32,technician,single,tertiary,no,13711,yes,no,cellular,14,may,638,1,175,3,success,yes,0.7779
34,management,single,tertiary,no,2646,no,no,cellular,14,apr,142,1,-1,0,unknown,yes,0.738
47,blue-collar,married,secondary,no,1230,yes,no,cellular,30,apr,412,1,169,1,success,yes,0.8932
39,technician,divorced,secondary,no,902,yes,no,cellular,10,feb,691,2,180,5,failure,yes,0.7495
28,student,single,tertiary,no,0,no,no,cellular,28,sep,294,2,105,7,other,yes,0.7371
46,management,married,tertiary,no,273,yes,no,cellular,18,mar,910,2,184,4,success,yes,0.7934
30,services,single,tertiary,no,-477,no,yes,cellular,21,aug,1532,2,-1,0,unknown,yes,0.7186
29,management,single,tertiary,no,1026,no,no,cellular,12,nov,226,1,92,1,other,yes,0.7745
56,admin.,married,unknown,no,2038,no,no,cellular,8,feb,405,1,305,1,success,yes,0.8201
41,blue-collar,divorced,primary,no,664,no,yes,cellular,15,jul,955,5,-1,0,unknown,yes,0.7233
59,technician,married,primary,no,4198,no,no,cellular,14,jan,309,1,91,10,success,yes,0.8886
48,technician,married,secondary,no,568,yes,no,cellular,2,sep,378,2,386,1,success,yes,0.8246
47,technician,married,secondary,no,1167,yes,no,cellular,30,apr,968,1,87,5,failure,yes,0.8949
80,retired,married,secondary,no,8304,no,no,telephone,6,apr,681,1,118,11,success,yes,0.7584
48,unemployed,married,secondary,no,817,no,no,cellular,14,jan,517,1,282,4,success,yes,0.8427
33,services,married,secondary,no,386,no,no,cellular,12,nov,253,1,92,4,failure,yes,0.724
28,blue-collar,single,secondary,no,-46,yes,no,cellular,1,sep,199,1,92,14,success,yes,0.7372
35,admin.,single,secondary,no,0,yes,no,cellular,13,may,1073,1,-1,0,unknown,yes,0.7361
43,services,single,secondary,no,3403,yes,no,cellular,12,nov,707,2,97,2,success,yes,0.9314
36,management,married,tertiary,no,925,no,no,cellular,14,dec,321,3,189,4,success,yes,0.8489
35,admin.,divorced,secondary,no,3636,no,yes,cellular,21,nov,808,2,-1,0,unknown,yes,0.7287
44,technician,divorced,secondary,no,14,no,no,cellular,13,nov,167,1,92,1,success,yes,0.8678
45,blue-collar,single,secondary,no,0,yes,no,cellular,26,apr,1472,1,192,4,failure,yes,0.7467
42,technician,married,secondary,no,4945,yes,no,cellular,2,mar,311,2,-1,0,unknown,yes,0.7412
29,management,single,tertiary,no,437,no,no,cellular,5,aug,504,1,92,1,success,yes,0.8374
49,services,married,secondary,no,320,no,no,telephone,9,feb,1971,4,-1,0,unknown,yes,0.712
44,management,married,tertiary,no,1058,no,no,cellular,11,mar,188,3,-1,0,unknown,yes,0.8581
34,housemaid,married,secondary,no,0,yes,no,unknown,30,oct,154,1,-1,0,unknown,yes,0.7741
41,technician,single,tertiary,no,1646,yes,no,cellular,4,feb,261,1,184,6,success,yes,0.8263
45,management,married,tertiary,no,242,no,no,cellular,30,apr,587,1,-1,0,unknown,yes,0.7998
46,blue-collar,married,secondary,no,4855,yes,no,cellular,10,aug,1529,1,397,1,failure,yes,0.8181
56,admin.,married,secondary,no,45,no,no,unknown,5,may,1467,1,-1,0,unknown,yes,0.7955
55,retired,divorced,secondary,no,1580,no,yes,unknown,19,jun,1007,1,-1,0,unknown,yes,0.725
34,technician,single,secondary,no,16,no,no,cellular,13,aug,990,1,-1,0,unknown,yes,0.7277
60,admin.,married,secondary,no,3735,no,no,cellular,22,dec,190,1,188,9,success,yes,0.7476
40,management,married,tertiary,no,0,no,no,cellular,10,nov,147,1,96,8,success,yes,0.8354
43,management,single,tertiary,no,1696,yes,no,cellular,26,aug,257,1,474,3,failure,yes,0.8868
33,services,married,secondary,no,478,no,no,cellular,30,apr,475,2,-1,0,unknown,yes,0.7062
31,technician,single,secondary,no,2544,no,no,cellular,15,jul,252,1,184,3,success,yes,0.7997
32,admin.,single,secondary,no,678,yes,no,cellular,4,feb,1579,1,246,4,failure,yes,0.7934
72,retired,married,primary,no,763,no,no,cellular,24,apr,384,2,-1,0,unknown,yes,0.7497
52,blue-collar,married,secondary,no,2087,yes,no,cellular,31,aug,267,1,474,1,failure,yes,0.8462
27,management,single,tertiary,no,390,no,no,cellular,28,oct,190,1,82,1,success,yes,0.7173
54,technician,married,tertiary,no,876,no,no,cellular,27,oct,269,3,541,3,success,yes,0.8635
36,management,married,tertiary,no,495,no,no,cellular,12,mar,213,3,182,6,success,yes,0.932
60,services,married,tertiary,no,4256,yes,no,cellular,16,aug,239,3,761,1,other,yes,0.8452
53,management,married,unknown,no,2240,yes,no,cellular,2,jun,282,2,385,1,success,yes,0.8983
33,admin.,married,secondary,no,0,yes,no,telephone,17,jul,1448,7,-1,0,unknown,yes,0.8106
27,admin.,married,secondary,no,897,no,no,cellular,5,jun,397,1,-1,0,unknown,yes,0.7867
31,student,single,tertiary,no,64,no,no,cellular,15,sep,208,1,105,2,success,yes,0.8382
38,unknown,single,tertiary,no,0,no,no,cellular,11,sep,260,3,95,3,success,yes,0.8873
28,student,single,secondary,no,153,no,no,cellular,23,jul,1124,2,-1,0,unknown,yes,0.7251
71,retired,married,secondary,no,2850,no,no,cellular,17,feb,185,1,-1,0,unknown,yes,0.7397
58,services,divorced,secondary,no,462,no,no,cellular,13,nov,495,1,93,1,success,yes,0.9238
43,blue-collar,married,secondary,no,2160,no,no,cellular,8,sep,261,1,98,1,success,yes,0.8644
38,management,married,unknown,no,3576,no,no,cellular,25,nov,349,2,183,1,success,yes,0.8798
29,services,divorced,secondary,no,84,yes,no,cellular,13,apr,1101,2,-1,0,unknown,yes,0.7149
30,admin.,single,tertiary,no,305,no,no,cellular,30,apr,633,1,85,2,success,yes,0.9375
31,management,married,tertiary,no,1331,no,no,cellular,30,apr,297,1,86,3,success,yes,0.8182
27,services,married,secondary,no,0,yes,no,cellular,22,jul,1608,13,-1,0,unknown,yes,0.7121
54,technician,married,secondary,no,-315,no,yes,cellular,10,jul,2029,1,-1,0,unknown,yes,0.7153
47,management,single,tertiary,no,4402,no,no,telephone,10,dec,805,1,190,1,other,yes,0.7325
47,admin.,married,secondary,no,3676,no,no,cellular,18,oct,567,1,95,3,success,yes,0.8934
38,housemaid,divorced,secondary,no,70,no,no,cellular,27,oct,255,3,148,1,success,yes,0.8656
69,retired,single,tertiary,no,2144,no,no,cellular,29,jul,417,1,184,4,success,yes,0.9035
53,unemployed,married,secondary,no,94,no,no,cellular,10,aug,493,1,181,14,success,yes,0.9132
57,retired,married,secondary,no,1044,no,no,telephone,11,jan,585,1,192,2,success,yes,0.8679
37,unemployed,married,secondary,no,1978,no,no,cellular,9,sep,404,1,182,1,success,yes,0.8035
38,unemployed,married,tertiary,no,2812,yes,no,cellular,30,apr,830,1,-1,0,unknown,yes,0.8613
69,retired,married,unknown,no,426,no,no,telephone,9,mar,225,1,90,1,success,yes,0.8133
65,unknown,married,unknown,no,4717,no,no,telephone,6,aug,256,1,-1,0,unknown,yes,0.7356
62,self-employed,divorced,tertiary,no,6,yes,no,cellular,13,oct,216,1,183,4,success,yes,0.8449
38,technician,single,secondary,no,-242,yes,no,cellular,18,may,1173,3,278,6,success,yes,0.7834
36,technician,single,tertiary,no,197,no,no,cellular,30,apr,260,1,-1,0,unknown,yes,0.7519
59,technician,married,secondary,no,2308,no,no,cellular,30,apr,815,1,87,1,other,yes,0.7157
50,unemployed,married,secondary,no,3357,no,no,cellular,9,jun,239,4,-1,0,unknown,yes,0.7409
45,management,single,tertiary,no,2048,yes,no,cellular,18,oct,310,1,804,1,failure,yes,0.8763
29,management,single,tertiary,no,572,no,no,cellular,16,dec,314,1,195,1,success,yes,0.7645
38,management,single,tertiary,no,623,no,no,cellular,28,jun,297,4,144,4,other,yes,0.7842
32,admin.,single,secondary,no,620,yes,no,unknown,26,may,1234,3,-1,0,unknown,yes,0.7994
